Locacion_usuario,Locacion_usuario
 ,4
  ,1
                     Te sigue ,1
   OriÃ³n ,4
  EspaÃ±a,1
 19| ella ğŸ‡²ğŸ‡½,1
 3ee ,1
 Catalunya IIâ­ï¸II ,1
 Colombia,3
 DEA,2
 Donde juegue Ã©l AtlÃ©ti  ğŸ‡¦ğŸ‡¹,1
 EspaÃ±a,2
 Guatemala,2
 Peru,1
 PerÃº,1
 PerÃº ,1
 Regnum Teutonicorum,3
 Salamanca.EspaÃ±a,1
" Sevilla, SPAIN",1
 de Butan osea butanero,1
 jeno's gf,4
 venezuela,2
 ğŸ‡ªğŸ‡¸ || ğŸ‡¨ğŸ‡¿,1
 ğŸ‡®ğŸ‡¨ ,1
 ğŸ‡»ğŸ‡ª,1
"""En el corazon de los niÃ±os""",1
## sğ—¢ğ–´ğ–«ğ–¨ğ—˜ !! %% ã‚ãªãŸã¯ç§ãŒã‚ãªãŸ,1
#15M #sisepuede #15M,1
#Emigrado,1
#Madrid ,1
#RadFem,1
#Salamanca #Donostia,2
#Valladolid,1
#VamosQueVamos ,2
(En las TABERNAS)ChamberÃ­ ,1
(Taylorâ€™s version),1
- Montajista -,1
.  ,3
...,2
"0,006 A",1
019,1
02.03 ğŸ’Œ,2
1 y 57,1
10 Downing Street - If Castle,3
"10-8-80 Malibu Point, 90265",1
102.5 FM en Santiago,1
131114 ,2
140322| meu gormiti | she/her,1
15|ic:@HiChuya,2
18,1
20 (?),1
20 | ?,1
20/03 FF,1
22/03/2019 ğŸ‘‘ ,1
221 B,1
26,2
"29Â° 2â€² 56â€³ N, 13Â° 37â€² 12â€³ W",1
"2x3 acÃ¡, 2x3 allÃ¡ ",1
2ï¸âƒ£0ï¸âƒ£1ï¸âƒ£1ï¸âƒ£  NO 2ï¸âƒ£0ï¸âƒ£1ï¸âƒ£9ï¸âƒ£ ,2
3/4 de cancha del Arsenal 04',1
"38.87443,-6.990137",1
49Â° 08' 00 N 12Â° 11' 00 W,4
593,1
"666st., Helltown.",1
7ak bat,1
?,1
@KlaseObrera@mastodon.social,1
@kyuxhae â™¥  æ„›ã—ã¦ã‚‹,2
A CoruÃ±a,3
"A CoruÃ±a, EspaÃ±a",4
"A CoruÃ±a, Galicia",1
A caballo entre Ibiza y Madrid,1
A la derecha de la derecha,2
A la derecha de la derecha. ,1
"ALICANTE, ESPAÃ‘A",2
ALMERIA ,2
ARGENTINA,9
ARMY ğŸ‡µğŸ‡¦,1
ASEAN,4
ASTORGA,1
ATIVEM AS NOTIFICAÃ‡Ã•ESğŸ””,1
Abadia de Teleme,1
Abajo a la derecha.,1
Above the skyline. ,3
Acapulco,1
"Acapulco de JuÃ¡rez, Guerrero",3
"Achinech, Canarias",2
Adriatirrenia ma non troppo.,1
Aeropuerto de Estambul,1
AfganistÃ¡n,1
"Aguadulce, EspaÃ±a",1
"Aguascalientes, MÃ©xico",5
"AgÃ¼imes, EspaÃ±a",1
Al Norte del Norte,1
Al Sur,2
Al Sur del Sur ,2
Al espacio y mÃ¡s allÃ¡ ,1
"Al final, Mordor",1
"Al fondo, a la derecha. ",1
Al lado de la fosa del AVE ,2
Alacant,1
"Alajuela, Costa Rica",3
Albacete,3
Albacete (EspaÃ±a).,1
"Albacete, EspaÃ±a",3
Albania,7
"Alberic, ValÃ¨nciağŸ“ Alacant",1
AlcalÃ¡ de Henares,1
"AlcalÃ¡ de Henares, EspaÃ±a",3
"AlcalÃ¡ de Henares, Madrid",1
"Alcantarilla, EspaÃ±a",1
Alcobendas.Madrid.,1
"AlcorcÃ³n, EspaÃ±a",5
Alemania,1
Algete,1
"Algun lugar, de cuyo nombre...",1
AlgÃºn lugar del bello norte .,1
"AlhaurÃ­n de la Torre, EspaÃ±a",2
Alicante,5
"Alicante, Comunidad Valenciana",1
"Alicante, EspaÃ±a",23
"Alicante, EspaÃ±a. ",3
"Alicante, Reino de EspaÃ±a",2
"Alicante, Spain",1
Alicante-EspaÃ±a,1
All around the world,1
All you need Is Ecuador,3
Allende los mares,1
AllÃ¡ donde regresa el fugitivo,1
Almagro,1
"Almedinilla, EspaÃ±a",2
"Almenara, Brasil",1
Almeria,4
"AlmerÃ­a,Lima,Quito",2
"Almirante Brown, Argentina",2
Alpedrete,1
"Altillo Universidad, CoyoacÃ¡n",1
"Alto Hospicio, Chile",1
Amante de la vida ğŸ–¤ğŸ‘£,1
Ambato Ecuador,1
"Ambato, Ecuador",2
Amor Vincit Omnia,1
Amurrio - Arrigorriaga EH. ,1
Amuza,2
AmÃ©rica,1
AmÃ©rica /Nicaragua,4
AmÃ©rica Latina,3
AmÃ©rica del Sur,1
AndalucÃ­a,2
"AndalucÃ­a, EspaÃ±a",12
"Andalusia, AL",1
Ando por el mundo!!!,1
"Andorra la Vieja, Andorra",2
Andorra-Liechtenstein ,2
Antartida,1
Antes Roma que MoscÃº,1
Antigua Guatemala,2
Antigua Guatemala ,3
Antigua y Barbuda,3
"Antiguo Cuscatlan, El Salvador",2
"Antofagasta, Chile",2
Apartamento 512,1
Apure,2
Aqui mando yo!,2
Aqui messsmo,2
Aqui mismo o allÃ¡ ,2
Aqui.,3
Aquimismo,1
AquÃ­,1
AquÃ­ ,2
AquÃ­ mismo,3
AquÃ­ y ahora,2
AquÃ­.,6
"Aragua, Venezuela",2
"AragÃ³n, EspaÃ±a",7
"Aranda de Duero, EspaÃ±a",4
Aranjuez,3
"Araure, Venezuela",2
"Arecibo, Puerto Rico",1
"Arenys de Munt, Catalunya",1
"Arequipa, Peru",7
"Arequipa, PerÃº",1
Argentina,176
Argentina ,1
Argentina como la Choclotorta,1
"Argentina, Buenos Aires",2
Argentina.,3
Argentina/TucumÃ¡n/San Miguel,2
"Arizona, USA",4
Armilla,1
Armilla Granada AndalucÃ­a ,1
Arocena ,4
"Arrecife, EspaÃ±a",5
Arriba de tu cabeza ğŸ,1
As Pontes (A CoruÃ±a),2
Askaban,3
Astorga PaÃ­s LlÃ¯onÃ©s ,1
Asturias,5
"Asturias Esp, Europa, Tierra",3
"Asturias, Principado de Asturi",3
"Asturias, Principado de Asturias",1
Asturies,2
"Asuncion, Paraguay",4
AsunciÃ³n,1
"AsunciÃ³n, Paraguay",3
"AsunciÃ³n, Paraguay.",1
"Atacama, Chile",1
"Atlanta, Georgia",1
"Atlantic City, NJ",1
Av. Avila Camacho Centro,2
Av. Figueroa Alcorta 7597,4
"Aylesbury, England",3
Azotando todo lo que se mueve,1
"Azuay, Ecuador",2
Azuqueca,1
"Azuqueca de Henares, EspaÃ±a",2
Azuqueca de Henares. EspaÃ±a.,1
BARCELONA -- MONTIEL,2
BCN Spain ,1
"BCN, CATALUNYA",1
"BCN, MAD, BOG,",1
BOG,2
BURGOS,1
Ba Sing Se,1
Babyhyun Joohoney,1
Badajoz ,1
"Badajoz, EspaÃ±a",1
"Badajoz,EspaÃ±a",2
Badajoz.,1
Badalona,1
Baetulo,1
"BahÃ­a Blanca, Argentina",6
Baja California,1
"Baja California, MÃ©xico",5
"Balaguer, RepÃºblica Catalunya",1
"Baleares, Islas Baleares",1
Banfield,1
Bangladesh & Colombia,1
Barakaldo,1
Barcelona,52
Barcelona ( EspaÃ±a),1
Barcelona - Catalunya (aprox),1
Barcelona - Spain,3
Barcelona Catalunya,1
Barcelona ğŸ‡ªğŸ‡¸,3
"Barcelona, CATALUNYA",1
"Barcelona, Catalonia, Spain",1
"Barcelona, Catalunya",11
"Barcelona, Catalunya, Europe",1
"Barcelona, Catalunya.",3
"Barcelona, CataluÃ±a",5
"Barcelona, Espanya",4
"Barcelona, EspaÃ±a",53
"Barcelona, RepÃºblica Catalana",1
"Barcelona, Spain",7
"Barcelona, Tabarnia.",1
"Barcelona,Catalunya/London,UK",1
Barcelona.EspaÃ±a.EU,1
Barcelona/Catalunya,3
"Barcelos, Portugal",2
"Barcino, Hispania",1
"Barquisimeto, Lara",1
"Barquisimeto, Venezuela",4
Barranquilla,3
Barranquilla - Colombia.,1
"Barranquilla, AtlÃ¡ntico",1
"Barranquilla, Colombia",8
"Barranquilla, Colombia.",1
Barranquilla-AtlÃ¡ntico,2
Barrio ItuzaingÃ³,1
BarÃ§elona,1
"Basauri, PaÃ­s Vasco, Spain",1
"Bayamon, Puerto Rico",1
"BayamÃ³n, PR/ Fort Myers, FL",4
"Bayern, Deutschland â¤ï¸",1
Bcn,1
"Beasain, Goierri. Euskalherria",1
Belgium/Spain,1
"Bellevue, WA",1
Belloto .CHILE,2
"BelÃ©m, Brasil",1
"BelÃ©m, ParÃ¡, Brasil",1
"Benitachell, EspaÃ±a",1
BerlÃ­n,1
"BerlÃ­n, Alemania",1
"Berne, Suisse",1
"Betis, EspaÃ±a.",1
"Beverly Hills, CA",1
Bilbao,1
Bilbao - Basque Country,1
Bilbao EspaÃ±a,1
Bilbao ole ole ,1
"Bilbao, EspaÃ±a",3
"Bilbao, Euskadi",1
Bilbao.,1
Bilbo,1
Bit.ly/bilicastfeed,1
Bizkaia,7
"Bizkaia, Euskal Herria",1
"Bizkaia, PaÃ­s Vasco",2
Blanes y Espiel. ,1
"Boca Raton, FL",1
"Boca del RÃ­o, Veracruz de Igna",1
Bogota,5
Bogota ,2
Bogota - Colombia,2
Bogota D.C.,2
"Bogota, Colombia",1
"Bogota,Colombia",1
BogotÃ¡,17
BogotÃ¡ ,3
BogotÃ¡ - Colombia,9
BogotÃ¡ Colombia,1
BogotÃ¡ Colombia ,1
BogotÃ¡ D.C.,3
BogotÃ¡ DC,2
"BogotÃ¡, Colombia",17
"BogotÃ¡, Colombia.",2
"BogotÃ¡, D.C., Colombia",58
"BogotÃ¡, DC, Colombia",6
BogotÃ¡- Colombia,1
BogotÃ¡-Colombia,4
Bolchevideo. ğŸ‡º#PatriaGrande,1
Bolivariano,1
Bolivia,12
Bolivia ,3
"BolÃ­var, Venezuela",1
"Borriana, Espanya",2
Bosque de los Cien Acres.,1
"Boston, MA",1
"Botucatu, Brasil",1
Brasil,10
"Brasil, FORTALEZA CEARÃ",1
"BrasÃ­lia, Brasil",1
Brazil,2
"Brussels, Belgium",1
Bucaramanga,1
"Bucaramanga, Colombia",12
"Bucaramanga, Santander",2
"Buenaventura, Colombia",1
Buenos Aires,9
Buenos Aires ,1
Buenos Aires | Argentina,1
"Buenos Aires, Argentina",49
"Buenos Aires, Argentina ",4
"Buenos Aires, Argentina.",2
BuenosAires-Argentina,1
Burgos,3
"Burgos, EspaÃ±a",4
"Burgos, EspaÃ±ağŸ‡ªğŸ‡¸",1
Burugosu,1
Burujon (Toledo),1
C-137,1
C.A.V.A.Sant Marti Vell,1
C/ Alberto Aguilera 7 - 3D,2
C/ Chorrillo Alta 35,1
CARLSBAD NEW MEXICO USA,1
CASTELLON DE LA PLANA,1
CAT (Catalonia-Europe),1
CATALONIA,2
CATRADORA CANON,1
CCCP,2
CCS,1
CCS - VEN ,1
CDMX,14
CDMX / Guadalajara / Monterrey,3
"CDMX y Tuxtla Gtz, Chis.",1
"CDMX, MÃ©xico",1
CHMBGO-CCP-CBB,3
CIudad 17,4
COLOMBIA,4
CORDOBA ,1
CZECH REPUBLIC ,1
Cabo CaÃ±averal,1
CalaespaÃ±atalonia,1
Caldas,1
"Caldas, Colombia",1
"Caleta Olivia, Argentina",1
Cali Colombia,1
"Cali, Colombia",9
"Cali, Colombia ",2
"Cali, Valle del Cauca",2
"California, USA/ EspaÃ±a",2
"Callao, Peru",3
Callao-PerÃº,1
Calle Morelia #37 Col. Centro,3
"Cambridge, England",3
"Cambural, Yaracuy",3
Caminante sin camino.,1
Camino a la Libertad,1
Camp Nou,1
"Camp, Yuc, QRoo",1
Campando entre camperos,1
Canada,1
CanadÃ¡,2
Canarias,2
"Canarias, UD Las Palmas",2
Canariasâ†”PenÃ­nsula ,1
Canary Islands,1
Canary Islands. TFğŸ³,1
Cancun,1
CancÃºn,3
"CancÃºn, Quintana Roo",5
"Canovellas, EspaÃ±a.ğŸ‡ªğŸ‡¦",1
"Cantabrana, EspaÃ±a",1
Cantabria,4
"Cantabria, EspaÃ±a",10
Cantabria.,3
Caos mental,2
Carabanchel,1
Carabanchelero en Oviedo,2
Carabobo,2
"Carabobo, Venezuela",8
Caracas,20
Caracas - Venezuela,27
Caracas Venezuela,3
Caracas â€” Venezuela,1
"Caracas, Distrito Capital",8
"Caracas, Venezuela",74
"Caracas, Venezuela ",2
"Caracas, Venezuela (Mordor).",1
"Caracas, Venezuela...",1
Caracas- Venezuela,1
Caracas-Venezuela,3
"Carazinho, Brasil",1
"Carrizal, Venezuela",2
Cartagena,5
Cartagena - Bogota,1
Cartagena De Indias,1
Cartagena colombiağŸŒ´ğŸš,1
"Cartagena, Colombia",9
"Cartagena, EspaÃ±a",6
"Cartagena, Spain",1
"Cartago, Costa Rica",1
Casa meva,1
"Cascavel, Brasil",1
Casi en el Ãrtico,1
Castamere Ruins,3
Castella profundÃ­ssima.,2
"Castelldefels, CataluÃ±a.",1
Castellon,1
CastellÃ³n de la Plana,3
CastellÃ³n de la Plana (Spain),1
"CastellÃ³n de la Plana, EspaÃ±a",4
Castilla La Mancha ,2
"Castilla y LeÃ³n, EspaÃ±a",3
"Castilla, EspaÃ±a",1
Castilla-La Mancha,1
CastillaLaMancha y AndalucÃ­a,1
Cat,1
Catalunya,29
Catalunya ,2
Catalunya  (EspaÃ±a),1
Catalunya (Espanya),2
Catalunya / Luxembourg,1
"Catalunya, Espanya",4
"Catalunya, EspaÃ±a",1
"Catalunya, PaÃ­s ValenciÃ .",1
CataluÃ±a,3
"CataluÃ±a, EspaÃ±a",12
"CataluÃ±a, EspaÃ±a, Europa.",1
"Catamarca, Argentina",3
"Cayey, Puerto Rico",1
Cd. Bolivar,1
Cd. Juarez / Chih,1
"Cd. Pemex, Macuspana, Tabasco.",1
"Cd. Victoria, MX",1
CdelU,1
"Celaya, Gto.",1
Centro de la Ciudad de MÃ©xico,9
"Centro, Tabasco",1
CentroamÃ©rica,1
Cerca y lejos,1
Ceuta (EspaÃ±a),1
"Chaclacayo, Peru",2
"Chaco, Argentina",2
ChamberÃ­,3
Chapultepec #53 Desp102 Col Centro CDMX,1
Chernobil UK.,1
Chernobyl,1
"Chiapas, MÃ©xico",1
"Chiclayo, Peru",4
"Chiclayo, PerÃº ",1
"Chihuahua, Chih.",1
"Chihuahua, MÃ©xico",1
Chile,41
Chile ,1
Chile (ConcÃ³n y Providencia),1
Chile / Argentina / Francia,1
"Chile, LicantÃ©n",2
Chile.,1
"Chocho, Sudan",1
"Choluteca, Honduras",1
Chone - Manta - Ecuador,2
Chordbebe ğŸ¥€ğŸ»,1
Chubut,1
Chubut ,1
Chungungo,1
"Chupamestepenco, AtlÃ¡ntico",1
Cielo,2
"Cieza, EspaÃ±a",1
Citizen of the world,1
Ciudad AutÃ³noma de Buenos Aire,5
"Ciudad AutÃ³noma de Buenos Aires, Argentina",1
"Ciudad Guayana, Venezuela",3
Ciudad Real - LeganÃ©s,2
Ciudad de Dios,1
Ciudad de Guatemala,1
"Ciudad de Kuala Lumpur, Kuala ",1
"Ciudad de Melilla, EspaÃ±a",1
Ciudad de MÃ©xico,10
Ciudad de Panama,1
Ciudad de PanamÃ¡ ,1
Ciudad de la Costa. ,1
Ciudad de locos corazones,1
Ciudad del Betis,1
Ciudad del Betis.,1
"Ciudad delgado, El Salvador",2
Ciudadana del mundo ğŸŒ ,1
Ciutat De Palma PP.CC,1
Cleaning ğŸŒRepublic ,3
"Cluj-Napoca, RomÃ¢nia",1
"Coahuila de Zaragoza, MÃ©xico",1
Coatepeque,1
"Coatepeque, Guatemala",2
Cochabamba,2
"Cocoa Beach, FL",5
"Coimbra, Portugal",1
"Colima, Colima",1
"Colina, Chile",1
Colombia,95
Colombia ,1
"Colombia, AmÃ©rica Latina",2
"Colombia, Bogota",2
"Colombia, BogotÃ¡",2
Colombia.,7
ColombiağŸŒ»,1
"Colonia, Uruguay",1
"Columbus, OH",1
"ColÃ³n, PanamÃ¡",1
Com El Valles no hi ha res.,1
Comarca,2
Comarca de El Bierzo,2
"Community of Madrid, Spain",1
"Comodoro Rivadavia, Argentina",1
Compte de Girona i Barcelona.,4
Comuna de Isla Perejil (PRC),1
"Comunidad Foral de Navarra, Es",1
Comunidad Valenciana,3
"Comunidad Valenciana, EspaÃ±a",1
"Comunidad de Madrid, EspaÃ±a",26
Con la tecnologÃ­a e innovaciÃ³n,1
"Concon, Chile",4
Constantinopla,2
ContactoğŸ‘‰ icabieces@gmail.com,1
Continente Americano,1
"Contulmo, Chile.",1
"CopiapÃ³, Chile",1
CordobÃ©s en Madrid,1
"Corona de Castilla , EspaÃ±a",1
"Corrientes, Argentina",3
Corrientes- Argentina.,3
"Cortes, EspaÃ±a",1
Coruscant ğŸŒŒ y a veces BogotÃ¡,2
"CoruÃ±a,Galicia,Spain,EU",1
Costa Rica,6
Costa del Sol ~ Mother Earth,2
"CoyoacÃ¡n, Ciudad de MÃ©xico",1
"CoyoacÃ¡n, Distrito Federal",1
Cuartel Mafia de la Ciencia,1
"CuauhtÃ©moc, Distrito Federal",5
Cuba,6
Cuba ,1
Cubazuela del Norte ğŸ˜,1
Cubelles/Reus Republica CAT,1
Cuenca,1
Cuenca - Ecuador,1
"Cuenca, Ecuador",9
Cuenca-Ecuador-South America,1
Cuenta falsa ,1
CuliacÃ¡n,1
CuliacÃ¡n ,1
"CuliacÃ¡n | QuerÃ©taro, MÃ©xico",4
"CuliacÃ¡n, Sinaloa",3
"CuliacÃ¡n, Sinaloa, MÃ©xico.",1
"Culleredo, EspaÃ±a",1
"CumanÃ¡, Edo. Sucre. Venezuela",1
Curacavi,1
"Cuscatancingo, El Salvador",3
"Cusco/Lima, PerÃº",1
CÃ¡ceres,4
"CÃ¡ceres, EspaÃ±a",5
"CÃ¡ceres, Extremadura (EspaÃ±a)",2
CÃ¡diz,1
"CÃ¡diz, EspaÃ±a",11
CÃ³rdoba,8
CÃ³rdoba (EspaÃ±a),2
CÃ³rdoba / Villanueva ,2
"CÃ³rdoba, Argentina",34
"CÃ³rdoba, EspaÃ±a",1
DISCUTIBLE ,2
Danzando entre las Nebulosas,1
"Davenport, FL",1
David,4
"De Euskadi, pero de los buenos",1
"De GranÃ¡, quÃ© pollas",1
De Madrid al cielo.,1
De aquÃ­ pa allÃ¡ ,3
De ningÃºn lado.,1
Del Santo Reino.,2
Del Sindicato de la Gasa,1
DelMundo,1
Depende del dÃ­a y la hora,2
Desde la tele.,1
Desubicado,3
Desubicado habitual,1
Desubicado. ,2
DetrÃ¡s de ti imbÃ©sil,1
"DetrÃ¡s de ti,bajando del techo",2
DetrÃ¡s tuya,1
Diciendo que voy a escribir,1
"Diosleguarde, EspaÃ±a",1
"Distrito Federal, MÃ©xico",11
"Distrito de Columbia, USA",1
Dolores - Uruguay,1
Dominican Republic,4
Dominican//NJ,3
Donde abundan trolls y orcos,1
Donde habita el olvido.,1
Donde la cagÃ³ Hamet el ZegrÃ­,1
Donde me alcance la noche ,5
Donde mÃ¡s moleste al Comunismo,5
Donde toque ,1
"Donostia, Gipuzkoa",1
Donostian #HalaMadrid,1
Dos Hermanas (Sevilla),1
"Dos Hermanas, Sevilla",1
"Dover, NJ",1
Doy contraseÃ±a de esta cuenta.,1
DreamcatcherğŸ’—ğŸŒ•ğŸ”®,1
"DublÃ­n, Irlanda",1
"Duitama, Boyaca",1
Dulce bellum inexpertis,3
"Duran, Ecuador",4
Durango Mex.,1
"Durango, Mexico",1
"Durango, MÃ©xico",3
"Durango, MÃ©xico.",1
DviÃ±a,1
"E #454 esq. 19 La Habana, Cuba",2
E.U,4
ECUADOR,1
EH,1
ESPAÃ‘A,11
ESÃ€Ã‘A,1
EU & US,1
Earth-199999,2
Ecuador,107
Ecuador ,3
Ecuador guayaquil,1
"Edinburgh, Scotland",1
EdoMex,1
Eje Cafetero,1
"El Astillero, EspaÃ±a",1
El Bierzo,1
"El Castillo Negro, Poniente",1
El EdÃ©n ,1
"El Ejido, EspaÃ±a",1
El Hierro,2
El Norte,2
"El Palenque, ParanÃ¡, Argentina",1
"El Paraiso, Caracas",1
"El Paso, TX",2
El Prat de Llob. (Barcelona),1
"El Prat de Llobregat,Catalunya",1
"El Puerto de Santa MarÃ­a, Espa",1
"El Raval, Barcelona",1
El Rockola,1
El Salvador,7
"El Toboso , Toledo ",1
"El Vaticano ğŸ‡»ğŸ‡¦, Roma âœ",1
El Vendrell,3
El cebo ,4
El hierro,1
El hoyo del cura,2
El mundo es mi casa,2
El paÃ­s de la piruleta ,1
El paÃ­s de los traidores ,2
El paÃ­s que da el mal ejemplo,2
El planeta,2
El segundo lugar,1
Elche ğŸ,1
"Elche, EspaÃ±a",2
Eldamar,1
Elx CarrÃºs,1
"Elx, Spain",2
En Algun Lugar Del Mundo,1
En ESPAÃ‘A,1
En El Coto,1
En Instagram @igualdadreal2020,3
En La Mancha,2
En Madrid. De LogroÃ±o,1
En Telegram ,1
"En Tu CorazÃ³n, Beibe",1
En alguna parte,3
En algÃºn bar de mala suerte ,1
En algÃºn lugar de Colombia,5
En algÃºn lugar de Costa Rica..,1
En algÃºn lugar de un gran paÃ­s,2
En algÃºn lugar de un libro,1
En algÃºn lugar del mundo!!,1
En algÃºn lugar del universo,1
En algÃºn lugar en el mundo,2
En algÃºn lugar...,1
En algÃºn sitio,1
En busca y captura.,1
En cualquier lugar del mundo.,1
En cualquier parte del mundo..,1
En cualquier playa.,2
En donde el aborto #YaEsLey,1
En el OcÃ©ano de los SueÃ±os,3
En el Templo.,1
En el lugar Correcto ,3
En el mundo,7
En el ombligo de la Luna,1
En el pikete espacial,1
En el puente de mi violÃ­n,1
En la Central Dogma de Nerv,1
En la ciudad,1
En la estepa mesetaria,1
En la jungla,1
En la litosfera,1
En la luna,1
En la mierda,1
En la red,2
En las nubes,1
En las sombras (si hay sol),2
En lo desconocido,2
En los cielos,1
En medio del OcÃ©ano ,1
En mi casa,2
En mi casa.,1
En mi castillo en el Norte,1
En mi caverna,4
"En mi pais, Catalunya!!!",1
En mis pensamientos,1
En ningÃºn lado.,1
En ruta Motero,1
En saturno,1
En todas partes,1
En todo el mundo,1
En todo el mundo ,1
En todos y en ningÃºn lugar,2
En tu pantalla,1
En un Mundo Nuevo,1
En un lugar de . . . Madrid,2
En un lugar de la Mancha.,1
En un lugar de la Mancha...,1
En un rincÃ³n del Planeta ,1
En un rincÃ³n del mundo.,1
En zona regenerada... ,1
Entre Burgos y Roquetas de Mar,1
Entre Catalunya i Ses Illes.,1
Entre Devoto y la Bombonera,1
Entre Galapagar y el ParaÃ­so,1
Entre Galicia y Madrid ,1
Entre Guayaquil y ManabÃ­,2
Entre Madrid y Marbella,1
Entre Rios,1
"Entre RÃ­os, Argentina",4
Entre el aqui y el allÃ¡,1
Entre legajos,3
Entre sus brazos ,1
"Envigado, Colombia",4
"Escocia, Reino Unido",2
Escribiendo bobadas:,2
Espacio siderÃ©o,1
Espanya,2
EspaÃ±a,335
EspaÃ±a ,41
EspaÃ±a (Valladolid),1
EspaÃ±a - London,1
EspaÃ±a - Ponferrada,1
EspaÃ±a - Venezuela en el â¤,2
EspaÃ±a Madrid,1
EspaÃ±a con Ã±.,1
EspaÃ±a ğŸ‡ªğŸ‡¦ // MD abierto ğŸ“¨,1
EspaÃ±a ğŸ‡ªğŸ‡¸,5
"EspaÃ±a, Europa.",1
"EspaÃ±a, Madrid",1
"EspaÃ±a, Valencia-Albacete.",1
EspaÃ±a-NorteÃ¡frica,1
EspaÃ±a-Spain,3
EspaÃ±a.,9
EspaÃ±a/Spain/Espagne/Spanien,3
EspaÃ±istan,3
Esperando la muerte,1
"EspÃ­rito Santo, Brasil",1
"Esta en tu cara, mamÃ³n.    MRK",9
Estadio George Capwell,2
Estadio Nuevo Mirandilla,1
Estado de MÃ©xico,1
Estados Unidos,5
Eter,7
Europa,7
Europe,1
Euskadi,3
Euskal Herria,3
Euskal Herria/Spain/La Zona,1
"Eutingen im GÃ¤u, Deutschland",1
Euzkadi,3
Everywhere,4
Everywhere ,1
Exiliado ,2
ExtensiÃ³n 4823-644.44-131,1
Extremadura,1
Extremadura Sur,1
"Extremadura, EspaÃ±a",1
Fenes en Ferrol,1
"Feria, AndalucÃ­a. Û",1
Fickdich,1
Filtro beauty para bebÃ©s,1
"Florencia, Caqueta, Colombia",1
FlorianÃ³polis,2
Florida,2
"Fontanarejo, EspaÃ±a",1
"Formosa, Argentina",1
"Fort Lauderdale, FL",1
"Fortaleza, CearÃ¡",1
FotÃ³grafo en el Titanic â›´ï¸,1
Franco-zona,1
"Frankfurt am Main, Alemania",1
Frente al Mediterraneo ğŸ˜â¤ï¸,1
Frupilandia,1
"Fuengirola, Malaga",2
Fuera del Sistema,1
FÃ¡brica de Programas,1
GALICIA,2
GBA Oeste profundo,2
GNV,1
GRAND BOURG CITY,1
GT,2
GUATEMALA,1
GUAYABAL ESTADO GUARICO,2
GUAYAQUIL ..,1
"Galapagar, EspaÃ±a",3
"Galapagos, Ecuador",4
Galar,3
Galicia,4
Galicia sur,1
"Galicia, EspaÃ±a",21
"Galicia, Spain",5
Galiza,4
Gamonal,1
Gancho de Caminos,3
"Gandesa-Cambrils, Tarragona.",1
"Gante, BÃ©lgica",1
GanÃ­medes,1
"Gdl, Jal ",1
"General Escobedo, Nuevo LeÃ³n",1
Geneva,1
Georgia,1
"Getafe, EspaÃ±a",3
"Getafe, Spain",1
"Gijon,Asturias,EspaÃ±a ",3
"GijÃ³n (Asturias), EspaÃ±a",1
GijÃ³n (EspaÃ±a),4
"GijÃ³n, EspaÃ±a",5
"Gipuzkoa, PaÃ­s Vasco",3
Girona,6
"Girona, Catalunya",6
"Girona, Catalunya.",1
"Girona, EspaÃ±a",1
Gironella (Barcelona),1
"Glasgow, Scotland",2
Glew City,1
Global,1
Gotham,2
Gotham City,3
"GrafenwÃ¶hr, Alemania ",1
Gran Canaria,3
Gran Canaria - Madrid ,1
"Gran Canaria, EspaÃ±a",1
"Gran Canaria, Islas Canarias ",1
Granada,6
"Granada, AndalucÃ­a",1
"Granada, EspaÃ±a",16
"Granada, Spain",1
"Granada, Spain, European Union",1
Granada/Madrid,2
Grand line,1
"Gravity Falls, OR",1
Great State of Texas!!!,2
Groove Street,4
"Guadalajara de Buga, Colombia",4
"Guadalajara de Buga, Valle del Cauca",3
"Guadalajara, EspaÃ±a",2
"Guadalajara, Jalisco",7
"Guanajuato, Gto. MÃ©xico.",2
"Guanajuato, MÃ©xico",1
Guarataro en pinta,1
"GuarromÃ¡n, EspaÃ±a",1
Guasipati,1
Guasmo city ,3
Guate.,2
Guatemala,60
Guatemala ,1
Guatemala de la AsunciÃ³n,1
Guatemala y MesoamÃ©rica.,1
"Guatemala, CentroamÃ©rica",1
"Guatemala, Ciudad",1
Guayaquil,25
Guayaquil ,4
"Guayaquil , Ecuador",1
Guayaquil - Ecuador,17
Guayaquil - Ecuador ,2
Guayaquil -Ecuador,1
"Guayaquil, Ec",1
"Guayaquil, Ecuador",86
Guayaquil-Ecuador,12
Guayaquil-Ecuador ,1
"Guayas, Ecuador",15
Guinea-Bissau,1
"Guyaquil, Ecuador",1
"GÃ¡ldar, Canarias",1
HOGWARTS,1
"Hadera, Israel",1
Halsey ğŸ‡©ğŸ‡´,1
Hawaii de Vacaciones ,1
"Hawaii, USA",1
Hay q dar la BATALLA CULTURAL,1
Hell ,1
Here,1
"Heredia, Costa Rica",3
Hermosillo - Guaymas,2
Hermosillo / Merida ,1
"Hermosillo, Sonora",7
Higuera de las DueÃ±as (ÃVILA) ,1
Higuey. La Altagracia,1
"Hill Valley , California",2
Hispania,1
"HispÃ¡nia, Imperio Romano",2
"HlavnÃ­ mÄ›sto Praha, ÄŒeskÃ¡ repu",1
Hogwarts,1
Honduras,8
Honduras ğŸ‡­ğŸ‡³,1
Hornachuelos(CÃ³rdoba),1
Hornocity ğŸ”¥,5
"Houston, TX",3
"Hovedstaden, Danmark",1
"Huanuco, Peru",7
Huelva,1
"Huelva, AndalucÃ­a",1
Huesca,2
"Huesca, EspaÃ±a",1
HÃ­spalis,1
HÃ¶chst im Odenwald,1
I.A.C.C 3,1
IBAGUE,1
IGUALADA,1
"IbaguÃ©, Colombia",4
"Ibarra, Ecuador",1
Ibiza,3
"Ibiza, Spain",1
Ich â˜† liebe â˜† dich,1
IdhÃºn,1
Idris â¤ï¸,1
Igualada,1
"Igualada, EspaÃ±a",3
Illes Balears / EspaÃ±a ğŸ‡ªğŸ‡¸,1
"Illescas, EspaÃ±a",2
"Illinois, USA",1
Imaginaerum,1
"Imperatriz, Brasil",2
Imperio EspaÃ±ol,1
In an Octopus' Garden,1
In my bed with cow pattern PJ,1
In to the wild,3
Infierno,1
Info@contrainformacion.es,3
"Inglaterra, Reino Unido",4
Inopia,1
Instagram live from heaven,1
Instante ,3
Intangibles,1
"Invernalia, con su Reina",1
Iquique,1
"Iquitos, Peru",4
Ireland,1
IruÃ±a,2
"Isla Cristina, AndalucÃ­a",1
Isla Medusa - ACNH,1
"Isla Mujeres, Quintana Roo.",2
Isla Reunion,1
Isla de Ifni,2
Isla de Mako,2
Islandia,1
"Islas Afortunadas, Canarias",1
"Islas Baleares, EspaÃ±a",2
Islas Canarias,2
Islas Canarias (Ãfrica) ğŸ‡®ğŸ‡¨,2
"Islas Canarias, EspaÃ±a",7
Islas hirvientes.,1
Istanbul. - U. K. - Colombia. ,1
"Itala, Sicilia",1
Italia,4
Italia/ RepÃºblica Dominicana ,1
ItuzaingÃ³ ,1
"Ixtapa, Zihuatanejo",1
Jaca,1
"Jaffa, Tree",3
Japon,3
"JaÃ©n, EspaÃ±a",2
Jerez - EspaÃ±a,1
Jerez de la Frontera (CÃ¡diz),1
Jerez de la Frontera (EspaÃ±a),2
"Jerez de la Frontera, EspaÃ±a",2
JolivÃº pero con ensaimadas,1
Jto Arauz -- Gral Pico,1
"Jujuy, Argentina",1
JunÃ­n (BA),1
Justo aquÃ­.,1
"Jutiapa, Jutiapa",3
JuÃ¡rez Mexico,1
Kaer Morhen,1
Kilkenny,1
Kingdom of Spain,1
"Knebworth, 1979.",1
Konoha,1
Konohagakure no Sato,1
Kulmbach (Deutschland),3
Kyiv  Ukraine ,1
"KÃ¶ln, Deutschland",2
L L E I D A,1
"L'Eliana, EspaÃ±a",1
"L'Hospitalet de Llobregat, Esp",4
LEÃ“N,1
LIMA,2
LIMA - PERU,1
LOJA-ECUADOR,3
La Asturies chica... ,1
"La Ceja, Colombia",1
La CoruÃ±a,6
"La CoruÃ±a, ESPAÃ‘A",1
"La CoruÃ±a, Galicia, EspaÃ±a",1
"La Estrella, Antioquia",1
"La Libertad, Peru",3
"La Molina, Peru",1
La Morioh de Sevilla,1
La Nube,1
"La Pampa, Argentina",3
La Patagonia ,1
La Paz,1
La Paz - Bolivia,1
La Paz Bolivia,2
La Paz y Santa Cruz su enmedio,2
"La Paz, Baja California Sur",2
"La Paz, Bolivia",1
"La Paz, Bolivia ",2
La Plata,1
"La Plata, Argentina",4
"La Puntilla, Samborondon ",1
La Revuelta,1
La Rioja,3
"La Roda, EspaÃ±a",1
"La Rondilla, Valladolid",1
"La Serena, Chile",2
La Seu d'Urgell,1
"La Solana, EspaÃ±a",1
La Vida,1
La bella provincia ,1
La cara oculta de la ğŸŒ•,1
La china,3
La dimensiÃ³n desconocida,1
La matanza,2
Langreo,1
"Lanus, La Plata, Montevideo, ",1
Lanzarote,1
"LanÃºs Oeste, Argentina",8
"Lara, Venezuela",1
"Las Condes, Chile",2
"Las Heras, Mendoza",1
Las Nubes,2
Las Palmas de Gran Canaria,4
"Las Palmas de Gran Canaria, Es",2
"Las Palmas, Islas Canarias",1
"Las Vegas, NV",3
Las favelas de vallcarca,1
Latinoamerica,1
Laugh Tale,6
Lecheria,2
"LeganÃ©s, EspaÃ±a",1
Leiria | Coimbra,1
Leon-EspaÃ±a,1
LeonÃ©s en Barcelona.,1
"Lethbridge, Alberta",1
"LeÃ³n, EspaÃ±a",11
"LeÃ³n, Guanajuato",3
"LeÃ³n, Guanajuato. MÃ©xico.",1
Lima,42
Lima ,2
Lima - Peru,1
Lima - PerÃº,11
Lima - PerÃº ,1
Lima - ğŸ‡µğŸ‡ª - SÃ£o Paulo - ğŸ‡§ğŸ‡·,1
Lima / PerÃº,1
Lima PERU,5
Lima Peru,2
Lima PerÃº,5
Lima peru,1
"Lima, Argentina",2
"Lima, PERÃš",1
"Lima, Peru",100
"Lima, Peru ğŸ‡µğŸ‡ª",3
"Lima, PerÃº",33
"Lima, PerÃº ",11
"Lima, PerÃº S. America",1
"Lima, PerÃº.",1
"Lima, PerÃº. ",1
Lima- PerÃº,1
Lima-Peru,5
Lima-PerÃº,7
Linares,2
"Linares, EspaÃ±a",1
"Lince, Lima",1
"Lince,Lima,Peru",2
"Lisbon, Portugal",2
Llanquihue,1
Lleida,2
"Lleida, Catalunya",4
"Lleida, EspaÃ±a",1
"Lleida, puta Espanya",1
Lo que quedÃ³ de Venezuela,1
"LogroÃ±o, EspaÃ±a",1
LogroÃ±o.,1
Londinium,1
London and Barcelona CAT,1
London-UK,1
Londres y otros sitios...,2
"Los Angeles, CA",3
"Los Angeles, California",2
"Los Barrios, EspaÃ±a",2
"Los Cabos, Baja California Sur",2
Los Madriles,1
"Los Mochis, Sinaloa, MÃ©xico",2
"Los Molinos del Rey, EspaÃ±a",2
Los ParaÃ­sos de Carrasco,2
"Los Santos, Vinewood Hills",1
"Lugo, Galicia",1
Luthadel,1
"Lutia, 300 estadios a Numancia",1
"LÃ¡char, EspaÃ±a",1
M34,1
MDZ | SPC | SYD,2
MEDELLIN,2
MELILLA,2
MEXICO,3
MG//ES,2
MX,6
MaceiÃ³,1
Machala City,2
"Machala, Ecuador",3
Macondo,10
"Macondo, Mi imaginaciÃ³n",1
"Macul, Chile",1
Madri- guera,2
Madrid,201
Madrid ,7
Madrid (EspaÃ±a),3
Madrid (Spain),4
Madrid - Cuenca ,2
Madrid - ESPAÃ‘A,3
Madrid - EspaÃ±a,7
Madrid - Spain,7
Madrid / Ayna,2
Madrid EspaÃ±a,1
Madrid Sur-GijÃ³n,1
Madrid o por ahÃ­.,1
Madrid y Lanzarote,4
Madrid y de Bilbo,1
Madrid ğŸ‡ªğŸ‡¸ ,6
"Madrid, Colombia",1
"Madrid, Comunidad de Madrid",86
"Madrid, Comunidad de MadrÃ¡s ",1
"Madrid, ESPAÃ‘A",1
"Madrid, EspaÃ±a",57
"Madrid, EspaÃ±a ",1
"Madrid, EspaÃ±a ğŸŒ",1
"Madrid, LatinoamÃ©rica, USA",2
"Madrid, MÃ©rida",1
"Madrid, Nibelheim",1
"Madrid, Spain",32
"Madrid,Cantabria",2
"Madrid,EspaÃ±a",1
"Madrid,Spain.",1
Madrid-ColÃ²nia-Badia-Llorito,1
Madrid-Salamanca-CDMX,1
Madrid-Valladolid,1
Madrid. EspaÃ±a,4
Madrid. Spain,3
Madrid.EspaÃ±a,1
Madrid/Alicante,1
Madrid/Cuenca. Spain.,1
Madrid/EspaÃ±a/UE,1
MadroÃ±era (CÃ¡ceres),3
MadrÃ­ - EspaÃ±a,1
"MaipÃº, Chile",7
"Majadahonda, EspaÃ±a",7
Malaga,5
"Malaga, Spain",2
"Maldonado, Uruguay",3
Mallorca,3
Malta,1
Malta - Barcelona ,1
Managua,2
"Managua, Nicaragua",1
"Manchester, England",1
Mandalore,1
Manizales,1
"Manizales, Colombia",3
"Manresa, Catalunya",3
Mar del Plata,1
"Mar del Plata, Argentina",8
"MarabÃ¡, Brasil",1
Maracaibo,7
Maracaibo - Venezuela,2
"Maracaibo, Venezuela",7
"Maracaibo, Venezuela.",2
Maracaibo- Venezuela.,1
Maracaibo-Venezuela,1
MaracanÃ£ setor norte,2
Maracay,3
Maracay Venezuela,1
Maracay ~ Venezuela,1
"Maracay, Ciudad JardÃ­n",1
"Maracay, Venezuela",1
Maresme - 9Barris,3
Margarita,1
"Mariara, Venezuela",1
"Marinha Grande, Portugal",2
Marte,1
Marte ,2
"Martorell, EspaÃ±a",1
MarÃ­n City,1
Mas alla que tu ,6
Mas cerca de lo q se imaginan.,1
Masaya,1
Matagalpa,1
"MatarÃ³, EspaÃ±a",3
Matrix 3.0 (CaribbeanDivision),1
Mazatenango,1
"MaÃ³, Spain",4
"MburucuyÃ¡, Corrientes",1
Mcbo. Edo. Zulia,1
Mcy - Vzla (Mi corazÃ³n acÃ¡).,4
Medellin - Colombia,1
Medellin -Antioquia,1
"Medellin, Colombia",1
MedellÃ­n,3
"MedellÃ­n, Antioquia",1
"MedellÃ­n, Colombia",44
"MedellÃ­n, envigado",1
Mediaset EspaÃ±a,10
Medina Del Campo,1
Medina del Campo,1
MediterrÃ¡neo,1
"Mejicanos, El Salvador",1
"Melilla, EspaÃ±a",2
Mendoza,1
"Mendoza , Argentina",1
"Mendoza, Argentina",15
"Mendoza, Argentina ğŸ·",1
Mendoza- Argentina,3
Mercurio ,3
Merida - Venezuela,1
"Merida yucatan,Mexico",1
"Merida, Venezuela",1
"Merlo, San Luis ",1
"Mesa de Guanipa, Venezuela",1
"Meta, Colombia",1
"Metropolitana de Santiago, Chi",6
"Mexicali, B.C. MÃ©xico",1
"Mexicali, Baja California",4
Mexico,17
Mexico City,4
Mexico City/World,1
Mexico/ Oaxaca,1
Mi Casa,3
Mi casa,1
Mi casita de sololi ,1
Mi estancia personal,2
Mi identidad es vacua...,2
Mi querencia ,1
Miami - Rusia,1
Miami Edo.de flo/,2
"Miami, FL",3
"Miami, Florida",1
"Miami,USA",1
Miami.                Te Sigue,2
Michoacan,2
Midgard,1
Midicina UVa,2
Mieres (Puxa Asturies),4
Mijas (MÃ¡laga) - EspaÃ±a,2
"Milagro, Ecuador",1
Milky way,1
Minatitlan,3
"Miraflores, Peru",1
"Miramar, Argentina",2
Mis opiniones son personales,1
Missuri,1
"MoaÃ±a, EspaÃ±a",2
Mobilsocial ,2
"Moca, RepÃºblica Dominicana",4
Moderdonia,2
"Molina, socio.",1
MolinadSegura AlcÃ zares Madrid,1
"Monagas, Venezuela",1
"MondoÃ±edo, EspaÃ±a",1
Mongolia,2
Monte Olimpo,1
Monterrey,3
Monterrey Mexico,2
"Monterrey, Mexico",1
"Monterrey, N.L",1
"Monterrey, Nuevo Leon",3
"Monterrey, Nuevo LeÃ³n",9
"Monterrey, Tijuana",1
"MonterÃ­a, Colombia",2
Montevideo,3
"Montevideo, Uruguay",19
"Montevideo, Uruguay.",1
Montgomery TX,1
"MontrÃ©al, QuÃ©bec",1
Montserrat,1
Moonshine,1
"Moquegua, Peru",1
Mordor,3
"Morelia, MichoacÃ¡n de Ocampo",2
"Morelia, MichoacÃ¡n, MÃ©xico",1
Morelos,1
"Morelos, MÃ©xico",1
"Moreno, -BS AS -Argentina",1
"MorÃ³n, Argentina",12
Mostoles ,2
Mrs. Valencia ,5
Mundo de las ideas ,1
Mundo mundial,1
Mundo mÃ¡gico de Twitterlandia,2
"Munich, Germany",1
Murcia,6
Murcia / Alacant,3
"Murcia, EspaÃ±a",14
"Murcia, Imperio de EspaÃ±a",1
Murcia-Londres,1
Muy de izquierdas y del BarÃ§a,1
MÃ‰RIDA,1
MÃ¡laga,2
MÃ¡laga (EspaÃ±a),3
"MÃ¡laga, AndalucÃ­a",11
"MÃ¡laga, AndalucÃ­a, EspaÃ±a",1
"MÃ¡laga, EspaÃ±a",26
"MÃ¡laga, la bella",1
MÃ¡s a la derecha que Trump,1
"MÃ©rida, Venezuela",4
"MÃ©rida, YucatÃ¡n",6
"MÃ©rida,YucatÃ¡n,MÃ©xico",2
MÃ©xico,70
MÃ©xico ,1
MÃ©xico D.F.,2
MÃ©xico Lindo y Querido,1
MÃ©xico y France,1
"MÃ©xico, CDMX.",3
"MÃ©xico, D.F.",2
"MÃ©xico, Distrito Federal",1
"MÃ©xico, MÃ©rida",1
"MÃ©xico, Tenochtitlan",1
"MÃ³stoles, EspaÃ±a",3
NO CONSUMANğŸ‡ªğŸ‡¸ ,1
"NY, USA",2
"Naci en Lleida, vivo Zaragoza,",1
NaciÃ³n Humana Universal,2
NacÃ­ en el MediterrÃ¡neo ,3
"Naguanagua, Venezuela",1
"Narashino-shi, Chiba",1
Narnia ğŸ”,6
Nathan: 21-01 ğ‘¤Â Vin: 18/11/20,1
National District,4
Navegant per la galaxia,1
NetherRealm,1
"NeuquÃ©n, Argentina",7
Neverland,1
"New Jersey, USA",2
"New Madrid, MO",1
New york-France ,1
Ni sÃ© dÃ³nde me ubico,1
Nicaragua,44
Nicaragua libre de sandinismo,1
Nicaragua.,2
Night City,1
NiterÃ³i,1
Niza esquina con longa,1
No,1
Noreste de China,1
"Norman, OK",1
Noroeste,1
Norte de EspaÃ±a,1
North Minerva Reef,1
Noruega,1
Nowhere,2
"Nueva Esparta, Venezuela",2
Nueva EspaÃ±a / MÃ©jico. ,1
Nueva Nicaragua,1
"Nueva York, USA",1
"Nuevo LeÃ³n, MÃ©xico",1
"NÃ¡jera, EspaÃ±a",1
"NÃ¡poles, Campania",3
"Oaxaca, Mexico",1
"Oaxaca, MÃ©xico",3
"Oaxaca, MÃ©xico.",1
Oberbayern (Deutschland),2
"Oblast de Kamchatka, Rusia",2
Obvio:  mi opiniÃ³n es personal,1
OcÃ©ano pacÃ­fico. ,1
"OjmiakÃ³n, centro de espionaje ",1
"OlavarrÃ­a, Argentina",1
Olivos,1
Omnipresente,1
Omnipresente......,1
Onde me leve o vento!!,2
Oniria,1
Ookolhufinolhu,2
Orbitando ando! ğŸš€,1
Ordenanza Costa.,1
"Ordizia, Guipuzcoa.",1
"Orillas RÃ­o Eurolarva, Murcia",1
Orizaba,1
"Orizaba, Veracruz, MÃ©xico.",3
"Orlando, FL",1
"Orne, Basse-Normandie",1
Oruro-Bolivia,1
Oscar a Amy Adams â™€â €,1
Osuna,1
Ourense,1
Ourense ğŸ¡ // Madrid ğŸ¢,3
Ourense-SantanderğŸ‡ªğŸ‡¸ğŸ‡ªğŸ‡ºğŸŒğŸ”¬â˜•,1
Oviedo,3
Oviedo - AvilÃ©s - Istanbul,3
"Oviedo, Asturias ğŸ‡ªğŸ‡¸ ",1
"Oviedo, EspaÃ±a",6
Oviedo/UviÃ©u|Asturias/Asturies,1
Oxford/Washington DC,1
Oz,2
PANAMA,6
PANAMA ,2
PCIA DE BUENOS AIRES,2
PMI-BIO ğŸ›«ğŸ›¬ y viceversa. ,1
PPCC (MATARÃ“) ,1
PUERTA DEL ANGEL// MADRID,1
PUERTO RICO,2
"Pachuca de Soto, Hidalgo",5
"Padre Las Casas, Chile",1
"Palafolls, El Mareme",3
Pale blue dot,1
"Palencia, EspaÃ±a",2
Palma de Mallorca,3
Palma de Mallorca - EspaÃ±a,1
"Palma, EspaÃ±a",5
"Palma, PaÃ¯sos Catalans.",2
Palma-Illes Balears-,2
"Palmira, Colombia",3
"Palmira, Venezuela",2
Palmira-Valle del cauca,1
Palos (Huelva) / Salamanca,2
"Pamplinas, EspaÃ±a",2
Pamplona,2
"Pamplona, Central Visayas",1
"Pamplona, EspaÃ±a",5
"Pamplona, Navarra",1
Panama,40
"Panama, Ciudad de Panama",3
"Panama, Panama City",1
PanamÃ¡,62
PanamÃ¡ ,5
PanamÃ¡ ğŸ‡µğŸ‡¦,3
PanamÃ¡ ğŸ‡µğŸ‡¦ ,1
"PanamÃ¡, La Chorrera",1
PanamÃ¡-Veraguas ,2
Paper Town,1
"Paracuellos de Jarama, EspaÃ±a",2
Paraguay,5
Paralelo 15 Â°,1
Paralelo 58//Cielo Drive 10050,2
Paris,1
"Parla, EspaÃ±a",1
"ParÃ­s, Francia",1
Pasto ,1
Pasto NariÃ±o ColombiağŸŒƒğŸŒŒ,1
Patagonia Argentina,1
"Patos, PB",1
PaÃ­s ValenciÃ ,3
PaÃ­s ValenciÃ -PaÃ¯sos catalans ,1
PaÃ­s Vasco,3
PaÃ­s de nunca jamÃ¡s ,3
PaÃ­s valÃ¨ncia ....,1
PaÃ¯sos Catalans,1
"Pembroke Pines, FL",2
Penal de Isla Tortuga,2
Pepperland,1
"Pereira, Colombia",5
Peronia âœŒğŸ»ğŸ’–,1
PerpinyÃ ,1
Peru,8
"Peru, IN",1
PerÃº,21
PerÃº ,1
"Pichincha, Ecuador",3
"Picos,PiauÃ­, Brasil",1
"Pilar, Argentina",1
Piura - Peru,1
"Piura, Peru",3
Planet Earth,1
Planeta Tierra,8
"Planeta Tierra, No Ve, no Ve",5
Planeta Tierra; El Multiverso,2
Planta Nuclear de Springfield,1
Platges de Lleida,2
Platonic World,1
"Playa de MalibÃº, con la Pamela",1
"Playas del Sur, Puebla",2
"Plaza Cagancha, Montevideo.",1
"Plaza de la Ciudadela 2, DF",1
Polinesia Francesa,1
"Polo Sur , AntÃ¡rtida ",1
Polombia,2
"Ponferrada, EspaÃ±a",1
Ponferrada-El mundo,2
"Ponta da Praia, Santos",3
Pontevedra (Galicia-Spain),1
Pontevedra - Figueres. EspaÃ±a,1
"Pontevedra, Galiza",1
"Popayan, Cauca, Colombia",1
Por ahÃ­ ,3
Por ahÃ­ perdiÃ³,1
Por ahÃ­.,2
Por ahÃ­...,2
Por el Norte,2
Por todo el mundo,3
"Porlamar, Venezuela",2
Porto Alegre,1
"Porto, Portugal",2
"Portoviejo, Ecuador",2
"Portoviejo, ManabÃ­",2
Portugal,2
Posadas,3
"Posadas, Argentina",1
Postdoc-PhD-MBA-Eng-EI Certifi,1
"Prado, Montevideo, Uruguay",1
"Principado de Asturias, EspaÃ±a",6
Principality of Asturias,5
Probablemente en la cama,2
Probably dead,1
"Progreso, YucatÃ¡n",1
Proletario del mundo,4
Proud ğŸ‡ºğŸ‡¸,1
"Providencia, Chile",2
Provincia de Bcn,2
Pty ğŸ³ï¸â€ğŸŒˆ,2
Pucela ğŸ¡,2
"Puebla, MÃ©xico",3
"Puebla, MÃ©xico ",3
"Puerto Ayacucho, Venezuela",1
"Puerto La Cruz, Anzoategui, Ve",1
"Puerto Ordaz, Venezuela",3
Puerto Rico,2
"Puerto Rico, Earth ",2
Puerto de BÃ©jar (Salamanca),3
Puerto de Santa Maria,2
Puertollano (Ciudad Real),1
Puyo - Pastaza - Ecuador,1
"PÃ¡nuco, Veracruz de Ignacio de",2
QuerÃ©taro,2
"QuerÃ©taro, MÃ©xico",2
"QuerÃ©taro, QuerÃ©taro Arteaga",1
"Quevedo, Ecuador",1
"Quilmes, Argentina",1
"Quintana Roo, MÃ©xico",1
"QuintÃ¡ns Ave. Noallork, Po",1
Quito,26
Quito ,2
Quito - Ecuador,7
Quito - Ecuador ,1
Quito Ecuador,1
Quito Ecuador ,1
Quito La Carita de Dios !,1
"Quito, Ecuador",41
"Quito, EcuadorğŸ‡ªğŸ‡¨",1
"Quito, Guayaquil, Esmeraldas",1
Quito-Ecuador,5
R. I. de Arequipa,1
RD,1
REINO DE ESPAÃ‘A,2
ROMA,1
Radiant Garden (jerÃ©) ,2
"Rafaela, Argentina",1
Rancagua,2
RapÃºblica Indapandant Catalana,4
Ratzopolis! =) ,1
Real Oviedo,1
Realm of Sleep,1
"Recoleta, Chile",1
Record de vueltas en Oribos,1
RegiÃ³n de Murcia,2
Reikiavik,1
Reino MafiocrÃ¡tico de EspaÃ±a,1
Reino Unido (UK),1
Reino de EspaÃ±a ğŸ‘‘ ,1
Reino de Valencia,1
Rep Independiente de Arequipa.,3
Rep. Dom.,1
Republica de Catalunya,1
Republica de Mendoza,1
Republica de Venezuela,1
RepÃºb. Bananera de Argenzuela.,3
RepÃºblica Catalana,3
RepÃºblica Catalana ,2
"RepÃºblica Catalana ""*""",1
RepÃºblica Catalana ğŸ,5
RepÃºblica Dominicana,2
RepÃºblica GalÃ¡ctica de Marvel ,4
RepÃºblica Popular de Orconia,3
RepÃºblica de Ambato ,1
RepÃºblica de Catalunya,7
RepÃºblica de Chile,1
RepÃºblica de EspaÃ±a. ,2
RepÃºblica de Fifidonia,4
"RepÃºblica de Mordovia, Rusia",1
RepÃºblica del Espinito,2
Reus,1
Reyne De Valencia,1
"Reynosa, Tamaulipas",4
"Rimac, Peru",3
Rio Branco,2
Rio Cuarto- CÃ³rdoba,1
Rio Grande,1
Rio de Janeiro,1
Rio de Janeiro ,1
"Riobamba, Ecuador",7
Riohacha - Barranquilla ,1
"Ripollet, CataluÃ±a",1
"Risaralda, Colombia",1
"Rivas-Vaciamadrid, EspaÃ±a",1
Rivia ,1
Robando pentas.,1
Rocafuerte - ManabÃ­ - Ecuador,1
Rojas,1
"Rojas, Buenos Aires",1
"Roma, Lazio / Bogota, Colombia",1
Rosario - Santa Fe - Argentina,1
"Rosario, Argentina",12
"Rosario, Santa fe, Argentina",1
Rosario. Argentina.,1
RumanÃ­a,1
"RÃ­o Cuarto, Argentina",1
"RÃ­o Negro, Argentina",1
"RÃ­o de Janeiro, Brasil",1
"S. C. de Tenerife, EspaÃ±a",2
S.L.P. Mexico,2
"SAN CRISTOBAL, TACHIRA",2
SANTIAGO  CHILE,1
SEVILLA,1
SEVILLA ,4
SOY CHILANGO  ,1
SPAIN    barcelona,2
SPDM,1
SPW Laboratory,2
SVQ - SCL,1
Sabadell,2
Sabadell - Catalunya,3
Sabadell mala pell.,1
"Sabadell, EspaÃ±a",3
"Sabbathell, Catalunya. ",1
Saint Gilles belgiÃ«,3
Sajonia,1
Salamanca,7
"Salamanca, Castilla y LeÃ³n",1
"Salamanca, EspaÃ±a",1
"Salamanca, Spain ğŸŒ¾",1
Salamanca/ Delft,1
"Salina Cruz, Oaxaca",2
"Salt Lake City, UT",1
Salta,1
Saltillo,1
"Saltillo, Coahuila",1
"Saltillo, Coahuila, MÃ©xico",2
Samborondon - Ecuador ,11
"Samborondon, Ecuador",2
"San AndrÃ©s del Rabanedo, EspaÃ±",1
"San Blas, Madrid",3
"San Clemente, Pisco, PerÃº ",1
San Cristobal/MÃ©rida ,3
San CristÃ³bal Venezuela. Chile,1
"San CristÃ³bal de las Casas, Ch",1
"San CristÃ³bal, Venezuela",4
"San Diego, Edo. Carabobo",1
"San Esteban del Valle, EspaÃ±a",1
San Felipe - Venezuela,1
San Fernando de Apure,1
"San Fernando, CÃ¡diz ",1
San Francisco De Macoris  ,1
"San Francisco, Cordoba",2
"San Jose, CA",1
"San JosÃ©, Costa Rica",5
"San Juan, Argentina",2
"San Juan, Puerto Rico",1
"San JunÃ­pero, Space Oddity ",1
San Luis Potosi,1
"San Luis PotosÃ­, MX",2
"San Luis PotosÃ­, MÃ©xico",4
"San Luis RÃ­o Colorado, Sonora",1
"San Luis, Argentina",2
"San Marcos, Guatemala",1
"San Marcos, Guatemala ",1
"San Miguel, Peru",7
San Nicolas De Los Garza.,3
San NicolÃ¡s de los Arroyos,1
"San Pedro Garza GarcÃ­a, Nuevo LeÃ³n",2
San Pedro Sula Honduras ,2
"San Rafael, Argentina",1
San Salvador,1
"San Salvador, El Salvador",11
"San Salvador, El salvador",1
San SebastiÃ¡n,1
San SebastiÃ¡n de los Reyes,4
"San SebastiÃ¡n de los Reyes, EspaÃ±a",1
San SebastiÃ¡n ğŸ‡ªğŸ‡¸ğŸ‡ªğŸ‡º,1
"San SebastiÃ¡n, EspaÃ±a",4
"San Vicente del Raspeig, EspaÃ±a",2
San isidro,1
"San isidro, Peru",2
San salvador,1
"Sant Andreu de Llavaneres, EspaÃ±a",1
Sant Andreu de la Barca,4
"Sant Andreu, Barcelona",2
Sant Boi de Llobregat,1
"Sant Boi de Llobregat, EspaÃ±a",6
Sant Cugat del VallÃ¨s,1
Sant Cugat del VallÃ©s,1
Sant Esteve de les Roures,4
"Sant Esteve de les roures ,CAT",2
Sant Esteve dels Roures,3
Sant JuliÃ  de Ramis,1
Sant Munt de Fems,1
"Sant Pere de Vilamajor, EspaÃ±a",2
Sant Quirze del Valles,1
"Santa Ana, El Salvador",1
Santa Coloma de Gramenet ,1
"Santa Coloma de Gramenet, Espa",1
Santa Cruz - Bolivia,2
Santa Cruz Chile,1
Santa Cruz de Tenerife,3
"Santa Cruz de Tenerife, EspaÃ±a",4
"Santa Cruz de Tenerife, Islas",2
Santa Cruz de la Sierra,1
"Santa Cruz, Bolivia",4
Santa Elena - Ecuador,2
Santa Fe,1
Santa Fe - Argentina,1
"Santa Fe, Argentina",5
"Santa FÃ©, Argentina",2
"Santa Marta, COLOMBIA",1
"Santa Marta, Colombia",2
"Santa Marta, Colombia ğŸ‡¨ğŸ‡´",1
"Santa Marta, Colombia.",2
Santa Rosa Lima Peru,1
"Santa Rosa de Cabal, Colombia",1
"Santa Tecla, La Libertad ğŸ‡¸ğŸ‡»",2
"Santa cruz de la sierra, Bolivia",1
"Santaco, EspaÃ±a",1
Santander - ESPAÃ‘A,1
"Santander, EspaÃ±a",10
Santiago,6
Santiago BernabÃ©u,1
Santiago Chile,1
Santiago City,1
Santiago DC,1
Santiago de Chile,6
Santiago de Chile ,2
"Santiago de Compostela, EspaÃ±a",5
"Santiago de Compostela, Spain",1
"Santiago del Teide, EspaÃ±a",3
"Santiago, Chile",31
"Santiago, Chile.",2
"Santiago, Dominican Republic",1
"Santiago, Metropolitana de Santiago",1
Santiago. ,16
Santo Domingo,1
"Santo Domingo, R.D.",2
"Santo Domingo, RD",1
"Santo Domingo, Rep. Dominicana",1
"Santo TomÃ© Ctes, Argentina",1
Saturn ,1
Saturno,1
"Scottsdale, AZ",1
Sebastian Vettel's Eyes.,1
Sevilla,29
Sevilla ,2
Sevilla (EspaÃ±a),1
Sevilla - MÃ¡laga,3
Sevilla - Sant Esteve d.Roures,2
Sevilla - Spain,1
Sevilla F.C. ğŸ¥‡âš½ğŸ”,1
"Sevilla, AndalucÃ­a",1
"Sevilla, EspaÃ±a",31
"Sevilla, Valencina d.l.Concepc",2
"Sevilla, por la gracia de Dios",1
"Shanghai, China",2
Shile,1
"Si me buscas, me encuentras.",1
Siberia,1
Siempre en la oposiciÃ³n,3
Sierra de Madrid,1
SigoAquÃ­,1
Sin ubicaciÃ³n,2
"Siviglia, Spagna",1
SkÃ¤rvanjssÃ¶n,3
"Soacha, Colombia",1
Somewhere in this Crazy World,1
Somewhere out there,1
"Sonora, MÃ©xico",3
"Sonora, MÃ©xico. ",1
Sonora/Arizona,2
South Africa,2
Space,1
Spain,18
Spain ,1
Springfield,1
Springfield (Tabarnia),1
"St Louis, Missouri",2
Star Shira,1
"Stgo, Chile y el mundo",1
"Stockholm, Sweden",2
Stroeder,1
"Sueca, EspaÃ±a",11
Suecia,1
Suiza,1
Sunchales,1
Sur de la Florida,1
"Surco, Lima, Peru",2
"Surco, Peru",1
Switzerland,3
"SÃ£o Paulo, Brasil",6
SÃ£o Paulo.,1
SÎ±É³ Î±É³ÆšÏƒÉ³Î¹Ïƒ MÎ¹É¾Î±É³ÔƒÎ±,1
TE CAGUÃ‰ AHHH,1
"TLAXCALA, MÃ‰XICO",2
TRIANA. SEVILLA. ESPAÃ‘A. ,3
Tabarnia,3
"Tabarnia, EspaÃ±a",1
Tacna - PerÃº,1
"Tacoma, WA",3
"TacuarembÃ³, Uruguay",1
Talavera de la Reina - (Spain),4
"Talca, Frutillar, Valparaiso.",2
Tamanangapio,1
Tamaulipas,1
Tampico,1
"Tampico, Tamaulipas",3
"Tangamandapio, MichoacÃ¡n de Oc",1
"Tapachula, Chiapas",1
"Tapachula, Chiapas; MÃ©xico",1
Tatooine,2
Te Sigue,1
Te sigue,2
Tegucigalpa. ,1
Tehran,2
"TehuacÃ¡n, Puebla",1
Templo del Sol,1
"Tena, Ecuador",2
Tenerife,1
"Tenerife, Canarias ",2
"TeotihuacÃ¡n, MÃ©xico",1
Tercermundismo latinoamericano,2
Terra das Meigas,1
Terrassa,1
"Terrassa, EspaÃ±a",3
Territorio Comanche,2
"Texas, USA",1
Thailandia ,1
The 1975 ğŸ‡¨ğŸ‡´,5
The Despair Faction,1
The Four Norths,1
The Netherlands,2
The Twilight Zone,1
The World miratÃº!,1
The batcave,1
The world is your's,6
Themyscira,2
Through the looking glass,1
Tierra Libre,2
Tierra de los Winkies - OZ,1
Tijuana,1
Tijuana ,2
"Tijuana, Baja California",1
"Tilburg, Nederland",1
TitirilquÃ©n ,1
Tlalpujahua,1
"Tlanepantla de Baz Centro, Tlalnepantla de Baz",1
"Tlaxcala, MÃ©xico",1
Tocando mar,1
Todas partes,2
Tokyo,1
Toledano-PortuguÃ©s en Madrid,1
Toledo,3
"Toledo, EspaÃ±a",3
Tolima,1
Tomando mate en mi BunkerğŸ§‰,5
Tomelloso El mÃ¡s hermoso,1
"Toronto, Ontario",3
"Torremolinos, EspaÃ±a",1
"Torreon, coahuila",1
"TorreÃ³n, Coahuila de Zaragoza",1
"Torrington, CT",1
Tous,1
Trabajando&viviendo UE,4
"Trc,MX",1
Treinta y Tres-Montevideo,1
"Tres Cantos, EspaÃ±a",1
Tres Cruces,1
Trig (AMB) ,1
Trinidad y Tobago,2
Troposfera,2
Trujillo,2
"Trujillo, Peru",9
"Tucacas, FalcÃ³n, Venezuela",1
"TucumÃ¡n, Argentina",2
"TucumÃ¡n, Argentina. ",1
"Tula de Allende, Hgo.",1
"Tulancingo de Bravo, #Hidalgo",1
Tumaco - NariÃ±o,1
"Tunja, Colombia.",1
Turmero Estado Aragua,3
Tus sueÃ±os,1
"Tuxtla GutiÃ©rrez, Chiapas",1
Twilight Town ,1
Twin Peaks,2
Twitter,1
"TÃ¡chira, Venezuela",1
TÃº cora,2
UIO,1
UIO ,1
US,2
US | 1980 RMCF,1
"US: 8.312345,-62.736324",1
USA,4
"Uberaba, Brasil",2
Uganda,1
"Uganda, Nigeria",2
"Umbrete, Sevilla, EspaÃ±a",1
Un bolardo,2
Un punto azul pÃ¡lido,2
Un rato aquÃ­ y un rato allÃ¡ ,3
Una andaluza en Madrid,1
Unico barrio de primera,3
United States,5
Universidad de Granada,3
Universo,4
Universo ..tu pueblo y el mÃ­o,1
"Upland, CA",2
Urdazubi,1
Uruguay,20
"Uruguay, Argentina, EspaÃ±a",1
"UzbequistÃ¡n, EspaÃ±a",1
VALENCIA,3
"VALENCIA, VENEZUELA",1
VIGO-GALIZA,1
VIVA EL ANARCOCAPITALISMO,1
Vagabundeando...,1
"ValdepeÃ±as, Ciudad Real",1
Valdivia,1
"Valdivia, Chile",1
Valencia,22
Valencia - EspaÃ±a,1
"Valencia, Comunidad Valenciana",4
"Valencia, EspaÃ±a",20
"Valencia, PaÃ­s ValenciÃ ",2
"Valencia, Spain",1
"Valencia, Venezuela",2
"Valencia, edo carabobo",2
Valencia-Madrid-Barcelona,1
Valencia-Venezuela,1
Valencia.,2
Valencia. ,1
Valencia/EspaÃ±a,2
"Valera, Venezuela",1
Valera-Venezuela,1
Vall del Ges,1
Valladolid,3
Valladolid ,4
Valladolid - EspaÃ±a,3
"Valladolid, Castilla y LeÃ³n",2
"Valladolid, EspaÃ±a",7
"Valldoreix, Catalunya ",1
"Valle del Cauca, Colombia",7
Vallekas,1
"VallÃ¨s, el bo",1
"Valongo, Portugal",2
"Valparaiso, Chile",1
"ValparaÃ­so, Chile",1
ValÃ¨ncia,6
"ValÃ¨ncia, PaÃ­s ValenciÃ .",1
"ValÄ—ncia, La Marina Alta",2
"Vargas, Venezuela",1
Varias. ,1
Vayekas,1
Vega Baja,1
Venecia,3
"Venezolana en CÃ³rdoba, Argenti",1
Venezuela,56
Venezuela ,1
Venezuela / EspaÃ±a,2
Venezuela Lara- EL TOCUYO,1
Venezuela-USA.,1
Veracruz ,2
"Veracruz, CÃ³rdoba.",1
"Veracruz, Mexico. ",1
"Veracruz, MÃ©xico",1
"Veracruz, MÃ©xico ",1
"Veracruz, Veracruz de Ignacio ",1
Veracruz.,1
Vergel (poco)Radiante,1
Vic,3
"Vicente LÃ³pez, Argentina",1
"Victoria, Tamaulipas",1
Vieja y decadente Europa,2
Vigo,3
"Vigo, EspaÃ±a",3
Vila-real,1
"Viladecans, Espanya",2
Vilanova i la GeltrÃº,1
"Villa CariÃ±o, Dallas, TX",1
"Villa Carlos Paz, Argentina",1
Villa del Parque,1
"Villahermosa, Tabasco",1
"Villahermosa, Tabasco, MÃ©xico",1
"Villanueva del Pardillo,EspaÃ±a",1
"Villarejo de SalvanÃ©s, EspaÃ±a",1
Villarrobledo,1
"Villavicencio, Colombia",1
"VinarÃ²s, EspaÃ±a",1
Vitoria,1
"Vitoria-Gasteiz, EspaÃ±a",2
"Vitoria-Gasteiz, Euskadi",1
"Vitoria-Gasteiz, Spain",1
Vivo en el mundo,3
Vlissingen - Madrid - Tenerife,1
VÃ­a LÃ¡ctea,1
Wakanda,1
"Walnut Park, CA",1
Waterworld,1
"West End, South East",1
Who cares,1
Wilde,1
Wuhan,1
Wuhan (Hubei) / Bilbao,1
Wuhu island,2
"Xalapa, Ver.",2
"Xalapa, Veracruz de Ignacio de",1
"XixÃ³n, Asturies.",2
"Xochimilco, Distrito Federal",4
Xpain,1
Xxxxx,1
Y este sol de la infancia...,2
Yoknapatawpha,1
"YucatÃ¡n , Nueva EspaÃ±a",3
ZUERA,1
Zafra (Badajoz),1
Zamora,4
"Zapopan, Jalisco",1
Zaragoza,5
"Zaragoza y Uesca, MÃ©xico",1
"Zaragoza, EspaÃ±a",12
"Zaragoza, RepÃºblica de EspaÃ±a",1
Zaragoza. AragÃ³n. EspaÃ±a ,3
Zimbabwe,2
"ZipaquirÃ¡, Colombia",1
Zulia,2
"Zulia, Venezuela",2
Zulia/Venezuela,1
a saber...,1
acÃ¡ ,1
"adiÃ³s censura,. me voy",1
alicante,1
all over the internet,2
almenara,1
"als peus del Montseny, Girona.",1
always near to u,2
ana ,2
anfield ,2
"anything, anywhere",2
aquÃ­,2
aragua y caracas,1
arg,1
arg.,3
argentina,3
argentina Rosario,3
argentino,1
asly ,1
asta bandera del ZÃ³calo ,2
averno,1
aÅŸk var,1
bangswiftxt ,1
barcelona,5
behind the mall,1
behind you,5
bilbao,1
bog,1
bogota,5
bogotÃ¡,1
bote de basura,1
buenos aires argentina,1
"caceres, espaÃ±a",1
calculando ruta...,1
caracas,9
casa de Crlh,1
catalunya,1
catalunya ,1
cdmx,2
"cerca de mi, alrededor de mi,",1
chile,1
chile ,1
chispitas | cele â™¡,4
cinco saltos ,1
ciudad del desencuentro,4
collbato,1
colombia,8
con ganas de morir,3
contacto@imaginet.cl,2
conurbano,1
coslada (madrid),1
cullera (valencia),1
cÃ³rdoba ,3
"de Orense, viviendo en Madrid",4
de Venezuela,2
"debajo de tu cama,en tu cabeza",2
del mundo mundial,1
desconocida,1
donde tÃº quieras,2
durum mÃ¡s cercano,1
ecuador,1
eeuu,2
el Bosque,1
el mundo,1
el mundo ,4
el paraÃ­so,3
el Ãºltimo bastiÃ³n de occidente,1
ela/dela,2
ella/wn/wna,1
en Alcala de Henares (Madrid),1
en Valencia,1
en algÃºn lugar ,3
en algÃºn lugar del mundo.,1
en cualquier canciÃ³n d desamor,1
en el corazÃ³n de gowther,2
en el mundo,5
en la LIBERTAD,2
en la malasaÃ±a de los 80',1
en mi ksa ,1
en mi palacio ,2
espanya pais subnormal,1
espaÃ±a,6
espein,1
estoy en off side,1
estudiantes de la plata,1
fachero,1
fondo bikini (Malaga),1
fuck off,1
gades/madrid,2
galicia,2
guadahortuna,2
guayaquil - ecuador,2
harry's heart,1
he/him,2
he/him 18,2
he/they,3
hell,1
heroica fantastica y jodida,1
honeymoon ave,3
https://github.com/Gonzalo2310,1
https://hazmedereir.home.blog/,1
https://www.youtube.com/watch?,1
in my world,2
in the mierda,4
in the world,1
in your mind,1
inferno,1
info(@)iusport.com,1
intergalÃ¡ctica,1
"iris, 25, ella/she",1
iupi / aibo,2
izuku,1
jjaja k t importa,1
jsjsjsks,1
kÃ³nkosto VK.Matruit.,2
la Florida ,1
la ciudad mÃ¡s bonita del mundo,3
"lacoru, neno",2
lantejuela,1
lanzarote,1
las palmas de gran canaria,1
lavapies - tabernes de corazÃ³n,1
"les Borges Blanques, Espanya",5
lima,3
"lima ,peru",1
lima - PERU,5
lima city,2
lima peru,1
"lima,peru",2
localhost,1
londres,1
lp,1
lu - carlita ğŸ¤,1
madri,1
madrid,10
madrid torrelodones,1
madrid | sevilla,1
madriz con z,2
malaga,3
mallorca,2
mar del plata,1
maracay venezuela,4
mardel,1
maria & Î£MILIÎ”,1
medellin,1
medellin colombia,1
meperd0n asÂ¿,2
merida,1
mexico,1
mexico df,1
mi casa,1
mi pequeÃ±o mundo,1
millie's best friend,5
misiones,1
moderador(@)elconfidencial.com,47
moraleja,1
msiawuğŸ¤,2
mumi bella ,1
mundo cruel,2
murcia,1
mÃ¡laga,1
navarrete,2
noia,1
nowhere,1
nowhere to be found,1
nuevo laredo tams mexico,1
"o bierzo, galicia",1
oaxaca,2
omnia sunt communia,2
only for bts,1
pa' to laos menos pa' la casa,2
palma-barcelona,2
panama,2
perdia ,2
perdidica,1
pero tengo plantas lindas ,1
peronia,5
planeta tierra,2
planeta tierra ,1
plata o plomo,1
politiki kouzina-Somniatis,2
postal de caca,4
probably in bed,1
punta alta,1
queti,2
rip esta cuenta ,1
rj/vrğŸ“,1
rosario,1
rubÃ­,1
salmantinocolomenÃ§.TormesBesÃ³s,1
san jose costa rica,9
san luis,1
santa coloma,1
santa cruz de la sierra,3
santander,1
santo domingo,1
segÃºn me dÃ©.,2
send /á ï½¡â€¸ï½¡áŸ\,1
sevilla,2
she - her,1
she / her ;+20; ğŸ³ï¸â€ğŸŒˆ ; ğŸ’š,1
she(r). 20. see u next summer!,2
she/he â™¡ bi â™¡ libra,1
she/her,2
she/her â™¡ bts + txt ,1
she/they,1
she/they | 19 | ğŸ‡¦ğŸ‡·,3
she/theyâ™ | venezuela,2
sinmarlandia,1
sobre una roca en el espacio,1
sofi â™¡,1
solo louie ,2
spain,3
springfield,3
stars hollow,1
stay,1
steizam@protonmail.com,2
straight outta baraka,1
tachira,2
tarraco grande y libre,2
tegucigalpa Honduras,1
the void,1
the world,1
the world is not enough,1
todo el mundo,1
"tokrev - tÃ¸p
she/her, 17",1
topmusic@youtubetm.com,1
tuxtla gutierrez chiapas,1
tÃ´ na disney ,1
un barco pirata,2
un lugar del mundo,1
un lugar del universo,1
un poquito en balerma,2
universal,1
uruguay,1
uwugay,1
valencia,6
valencia EspaÃ±a,2
valera -venezuela,1
valhalla.,3
valladolid,1
valorant,1
varillas - san justo,1
venezuela,3
venezuela ğŸ‡»ğŸ‡ªğŸ‡»ğŸ‡ªğŸ‡»ğŸ‡ªğŸ‡»ğŸ‡ªğŸ‡»ğŸ‡ª,1
"via lactea, brazo de orion",1
vix ,1
wookie monster,1
www.facebook.com/postamx,1
Â taehyung ,1
Â¡ESPAÃ‘A!,2
Â¡Â¡El deshuesadero!!,2
Ãvalon,1
"Ãvila, EspaÃ±a",2
Ãvila/Valladolid,1
"Ã‰cija, La Ciudad del Sol",1
Ã‘uÃ±oa,1
"Ã‘uÃ±oa, Chile",2
"Ãšbeda, JaÃ©n ğŸ“",1
"ÃœT: 10.488853,-66.834668",1
"ÃœT: 18.501169,-69.79073",1
É™ÊŒÉ Ê‹ooÉ¯ÊÉ™Ê‹oÉ¥,2
Ï…Ï‰Ï…,1
ĞĞ¾Ñ€Ğ¸ÌĞ»ÑŒÑĞº,1
Ğ¡Ñ‹Ğ½ Ğ±Ğ»Ğ°Ğ³Ğ¾Ğ´Ğ°Ñ‚Ğ¸,1
"á… 
á… 
á… â €â €á… 
á… 
á… â €â €á… 
á… 
á… â €â €",4
á´ Ê€Éªá´Šá´…á´€É¢ 21:21 à¼„ á´á´€á´€É´á´…á´€É¢ 11:03,1
â€¢she/herâ€¢ ğŸ‡ºğŸ‡¾,2
â€¦ Que je ne suis plus dâ€™ici,1
â˜®,2
"â˜¼Aries, â˜½Sagittarius, â†‘Leoâ˜„ï¸",2
â˜¾,1
â›“TECHNO WAREHOUSEâ›“ ,1
âœ‚ï¸ğŸªšâœ‚ï¸ Punisexual  âœ‚ï¸ğŸªšâœ‚ï¸,6
âœ¨Terreta-Catalunyaâœ¨,1
âŒ,3
â¤Chile-PerÃºâ¤,3
"â €âŸ… #NORMAN: I ALMOST DEFEATED SPIDER-MAN!
#HARRY: OK DAD, LET'S GET YOU TO JAIL",1
ã‚¢ãƒ¬ãƒ³ã‚±ç§ã¯ã‚ãªãŸã‚’æ„›ã—ã¦ã„ã¾ã™ âœ¦ HE Â· HIM,1
ãƒ©ã‚¦ â™¡ ,1
å±åœ°é©¬æ‹‰,3
æ—¥æœ¬,1
ç§ã®ãƒ‡ã‚£ãƒƒã‚¯ã‚’å¸ã„ã¾ã™,1
ê’°áƒâ™¡à»’ê’± ,1
ë§ˆìˆ  ê°€ê²Œ ,1
ìœ¤í˜¸: masita â‚ŠâŠ¹,1
ğ‹ğ¢ğ¦ğšÂ ğğğ«ğ®,1
ğ•¤ğ•’ğ•Ÿğ•¥ğ•’ğ••ğ•–ğ•£ğŸ‡ªğŸ‡¸ ğŸ‡§ğŸ‡·ğŸ‡ªğŸ‡¸ ,1
ğ–“ğ–Šğ–’ğ–”â™¡.,1
ğšğš‘ğš ğš‹ğšğš›ğš›ğš˜ğš ,1
ğŸ…°ï¸ğŸ…¾ï¸ğŸ…°ï¸ğŸ…¾ï¸,1
ğŸ‡¦ğŸ‡·,2
ğŸ‡ªğŸ‡¦,3
ğŸ‡ªğŸ‡¨,1
ğŸ‡ªğŸ‡¸ ,1
ğŸ‡ªğŸ‡¸ / ğŸ‡©ğŸ‡´,2
ğŸ‡ªğŸ‡¸BILBAO,1
ğŸ‡ªğŸ‡¸ğŸ‡¨ğŸ‡ºğŸ‡ºğŸ‡¸ğŸ‡§ğŸ‡·ğŸ‡¨ğŸ‡µ,1
ğŸ‡¬ğŸ‡§ğŸ‡ªğŸ‡¨ğŸ‡³ğŸ‡´,1
ğŸ‡¸ğŸ‡² ğŸ‡²ğŸ‡¹ ğŸ‡¨ğŸ‡¾ ğŸ‡¬ğŸ‡· ğŸ‡®ğŸ‡¹ ğŸ‡»ğŸ‡¦ ,1
ğŸ‡ºğŸ‡¦,2
ğŸ‡ºğŸ‡¾,1
ğŸŒ,1
ğŸŒ ,2
ğŸŒğŸŒğŸŒWorld Wild When... ,1
ğŸŒŸ,3
ğŸŒªï¸â˜ï¸â˜ï¸ğŸŒªï¸,1
ğŸ‡ğŸŒ¾,1
ğŸï¸,3
ğŸ³ï¸â€ğŸŒˆshe/they/he,1
ğŸ‘… Murcia,2
"ğŸ“Santiago, Chile",2
"ğŸ“ba, arg.",1
ğŸ•¸solo louie,1
ğŸ˜ğŸ˜BarbanzağŸ˜ğŸ˜,4
